time,latitude,longitude,depth,mag,magType,nst,gap,dmin,rms,net,id,updated,place,type,horizontalError,depthError,magError,magNst,status,locationSource,magSource
2019-09-04T09:13:42.989Z,-36.6438,179.0142,35,4.9,mb,,141,1.077,0.97,us,us70005bwe,2019-09-04T09:41:39.836Z,"221km NE of Opotiki, New Zealand",earthquake,11.1,2,0.126,20,reviewed,us,us
2019-09-04T08:43:40.423Z,60.101,-152.8803,112.1,2.7,ml,,,,0.68,ak,ak019bcmrhom,2019-09-04T08:54:04.232Z,"43km S of Redoubt Volcano, Alaska",earthquake,,0.3,,,automatic,ak,ak
2019-09-04T08:32:41.551Z,69.0585,-146.4556,0,2.7,ml,,,,0.85,ak,ak019bcmp4x4,2019-09-04T08:37:56.462Z,"110km NNW of Arctic Village, Alaska",earthquake,,0.9,,,automatic,ak,ak
2019-09-04T07:02:52.759Z,-38.7522,175.9424,10,5.1,mb,,70,0.595,1.39,us,us70005btz,2019-09-04T09:03:35.564Z,"14km WSW of Taupo, New Zealand",earthquake,3.9,1.9,0.131,19,reviewed,us,us
2019-09-04T07:02:38.803Z,58.1317,-152.1671,31.8,3.4,ml,,,,0.58,ak,ak019bclx9lo,2019-09-04T07:37:05.040Z,"40km NNE of Kodiak, Alaska",earthquake,,0.5,,,automatic,ak,ak
2019-09-04T06:42:15.500Z,19.3293,-68.1101,111,2.88,md,14,209,1.0788,0.45,pr,pr2019247003,2019-09-04T08:16:52.325Z,"88km NNE of Punta Cana, Dominican Republic",earthquake,4.27,3.93,0.24,14,reviewed,pr,pr
2019-09-04T06:37:43.817Z,69.0606,-146.4158,0.1,2.5,ml,,,,1.12,ak,ak019bcljch9,2019-09-04T06:45:46.544Z,"110km NNW of Arctic Village, Alaska",earthquake,,0.5,,,automatic,ak,ak
2019-09-04T05:04:53.940Z,39.8233,-115.7887,0.1,2.5,ml,9,188.86,0.993,0.13,nn,nn00702388,2019-09-04T05:17:37.562Z,"37km NNE of Eureka, Nevada",earthquake,,8.3,,,automatic,nn,nn
2019-09-04T04:00:45.670Z,20.0003338,-155.3308258,40.47,2.51,md,40,259,0.1127,0.3,hv,hv71124632,2019-09-04T04:04:04.470Z,"17km ESE of Honoka'a, Hawaii",earthquake,1.04,2.28,0.23,4,automatic,hv,hv
2019-09-04T03:36:57.951Z,68.9164,-147.699,6.7,3.4,ml,,,,1.06,ak,ak019bcjquyd,2019-09-04T03:47:38.045Z,"124km NW of Arctic Village, Alaska",earthquake,,0.6,,,automatic,ak,ak
2019-09-04T00:18:46.210Z,34.0055008,-116.7649994,13.32,3.52,mlr,117,14,0.04623,0.17,ci,ci39040408,2019-09-04T05:55:39.903Z,"10km NNE of Cabazon, CA",earthquake,0.18,0.46,0.364,15,reviewed,ci,ci
2019-09-03T22:39:03.550Z,19.1855,-155.4793333,32.68,2.48,ml,63,78,0.01574,0.1,hv,hv71124122,2019-09-04T01:35:46.860Z,"2km S of Pahala, Hawaii",earthquake,0.37,0.47,0.12,30,reviewed,hv,hv
2019-09-03T21:11:52.430Z,19.1578331,-155.4401703,34.95,2.55,ml,13,247,0.08892,0.1,hv,hv71123997,2019-09-03T21:17:32.010Z,"6km SE of Pahala, Hawaii",earthquake,1.03,1.78,0.25,16,automatic,hv,hv
2019-09-03T21:05:27.650Z,18.9138,-64.7825,71,2.99,md,8,338,1.5294,0.49,pr,pr2019246009,2019-09-03T23:26:43.911Z,"57km NNW of Road Town, British Virgin Islands",earthquake,5.37,14.43,0.4,8,reviewed,pr,pr
2019-09-03T16:44:28.550Z,19.1618,-66.1113,33,2.61,md,4,317,1.038,0.09,pr,pr2019246008,2019-09-03T19:00:55.241Z,"76km N of San Juan, Puerto Rico",earthquake,1.34,8.71,0.11,3,reviewed,pr,pr
2019-09-03T16:43:22.340Z,19.1616,-66.129,25,2.55,md,11,311,0.7931,0.16,pr,pr2019246007,2019-09-03T19:43:33.040Z,"71km N of San Juan, Puerto Rico",earthquake,0.97,11.79,0.4,8,reviewed,pr,pr
2019-09-03T16:34:35.409Z,38.9649,70.5335,12.06,4.2,mb,,65,0.173,0.76,us,us70005bij,2019-09-03T17:07:36.040Z,"15km ESE of Gharm, Tajikistan",earthquake,3.6,6.2,0.186,8,reviewed,us,us
2019-09-03T15:41:44.566Z,60.265,-147.2323,12.6,2.8,ml,,,,0.76,ak,ak019bb3drfb,2019-09-03T16:34:45.040Z,"86km WSW of Cordova, Alaska",earthquake,,0.3,,,automatic,ak,ak
2019-09-03T15:05:01.750Z,39.1328333,-123.58,5.46,3.24,ml,55,99,0.08022,0.15,nc,nc73264475,2019-09-04T06:18:26.693Z,"18km ESE of Navarro Head, CA",earthquake,0.22,0.71,0.158,31,reviewed,nc,nc
2019-09-03T14:30:56.911Z,36.409,70.7402,203.08,4.5,mb,,103,1.339,0.82,us,us70005bhm,2019-09-03T15:26:11.040Z,"42km N of `Alaqahdari-ye Kiran wa Munjan, Afghanistan",earthquake,8.2,7.9,0.181,9,reviewed,us,us
2019-09-03T14:23:18.924Z,-37.978,176.9739,140.43,4.5,mb,,104,0.636,0.55,us,us70005bhh,2019-09-03T15:15:13.040Z,"2km SSW of Whakatane, New Zealand",earthquake,7.9,6.5,0.205,10,reviewed,us,us
2019-09-03T12:53:29.172Z,-21.3118,-173.9732,10,5,mb,,117,4.402,0.78,us,us70005bg1,2019-09-03T13:32:25.040Z,"101km E of `Ohonua, Tonga",earthquake,15.3,1.9,0.041,193,reviewed,us,us
2019-09-03T12:41:59.250Z,35.6458333,-117.4961667,4.52,2.64,ml,38,37,0.0462,0.18,ci,ci39038800,2019-09-03T15:05:42.231Z,"16km SSW of Searles Valley, CA",earthquake,0.22,0.55,0.132,25,automatic,ci,ci
2019-09-03T12:34:32.036Z,36.498,70.6541,206.61,4.8,mww,,76,1.307,1.06,us,us70005bfw,2019-09-04T06:24:32.268Z,"43km SSW of Jarm, Afghanistan",earthquake,8,7.5,0.075,17,reviewed,us,us
2019-09-03T11:52:53.068Z,45.5324,26.2588,115.74,4.6,mb,,30,0.224,1.02,us,us70005bfn,2019-09-03T17:19:35.027Z,"13km NNW of Nehoiu, Romania",earthquake,4.6,7.9,0.075,53,reviewed,us,us
2019-09-03T10:32:50.371Z,60.2757,-151.6365,58.1,2.8,ml,,,,0.47,ak,ak019bb0coca,2019-09-03T10:54:28.578Z,"20km WSW of Cohoe, Alaska",earthquake,,0.5,,,automatic,ak,ak
2019-09-03T10:10:14.466Z,-8.8838,-76.2029,120.77,4.8,mb,,108,3.147,0.88,us,us70005ben,2019-09-03T16:24:31.451Z,"49km NNW of Tingo Maria, Peru",earthquake,6.9,4.6,0.029,371,reviewed,us,us
2019-09-03T09:57:00.570Z,19.1103,-64.314,40,2.98,md,10,340,2.0275,0.26,pr,pr2019246005,2019-09-03T11:42:29.717Z,"83km NNE of Road Town, British Virgin Islands",earthquake,2.9,18.4,0.14,9,reviewed,pr,pr
2019-09-03T09:18:18.964Z,68.556,-147.633,0,2.6,ml,,,,0.92,ak,ak019bazo662,2019-09-03T09:31:16.580Z,"98km WNW of Arctic Village, Alaska",earthquake,,0.3,,,automatic,ak,ak
2019-09-03T08:23:33.250Z,36.199,-117.885,2.54,2.59,ml,34,61,0.08483,0.21,ci,ci39038160,2019-09-03T08:34:40.240Z,"14km SE of Olancha, CA",earthquake,0.32,1.83,0.177,24,automatic,ci,ci
2019-09-03T07:34:33.480Z,18.7696,-67.4365,8,2.45,md,10,286,0.3875,0.21,pr,pr2019246003,2019-09-03T11:40:57.501Z,"47km NW of San Antonio, Puerto Rico",earthquake,1.69,1.77,0.34,8,reviewed,pr,pr
2019-09-03T07:33:16.356Z,60.3309,-147.0991,7.3,2.5,ml,,,,0.67,ak,ak019baykinv,2019-09-03T08:22:44.040Z,"77km WSW of Cordova, Alaska",earthquake,,0.3,,,automatic,ak,ak
2019-09-03T07:30:41.615Z,-18.5169,-132.8715,30.09,4.9,mb,,64,15.904,0.4,us,us70005bdi,2019-09-03T08:09:45.040Z,"South Pacific Ocean",earthquake,13.2,4.2,0.031,332,reviewed,us,us
2019-09-03T05:39:28.337Z,55.0479,-159.373,16.91,4.7,mb,,102,0.25,1.11,us,us70005bct,2019-09-03T17:03:17.534Z,"31km NNE of Chernabura Island, Alaska",earthquake,6.4,5.5,0.032,286,reviewed,us,us
2019-09-03T04:30:17.440Z,62.1378,-152.0866,106.6,2.6,ml,,,,0.48,ak,ak019bawrkp6,2019-09-03T04:34:53.038Z,"104km W of Talkeetna, Alaska",earthquake,,0.4,,,automatic,ak,ak
2019-09-03T04:09:57.725Z,43.8221,-128.9515,10,3.1,ml,,254,3.499,0.55,us,us70005bcd,2019-09-03T23:37:43.040Z,"Off the coast of Oregon",earthquake,3.6,2,0.052,48,reviewed,us,us
2019-09-03T03:41:29.170Z,35.703,-117.5886667,7.1,3.47,mw,48,40,0.08234,0.13,ci,ci39037688,2019-09-04T03:43:18.800Z,"12km NE of Ridgecrest, CA",earthquake,0.11,0.31,,6,reviewed,ci,ci
2019-09-03T03:30:10.922Z,34.8182,26.4405,52.03,4.3,mb,,120,0.936,1.12,us,us70005bbt,2019-09-03T04:23:23.040Z,"45km SSE of Palaikastron, Greece",earthquake,7.5,3.3,0.138,15,reviewed,us,us
2019-09-03T03:28:37.320Z,35.631,-117.4343333,2.97,2.67,ml,38,56,0.03513,0.14,ci,ci39037640,2019-09-03T11:31:11.930Z,"15km S of Searles Valley, CA",earthquake,0.18,0.29,0.208,25,automatic,ci,ci
2019-09-03T02:39:39.930Z,19.7886658,-155.3374939,6.1,2.69,ml,12,350,0.3657,0.24,hv,hv71122342,2019-09-03T02:45:20.310Z,"24km WSW of Pepeekeo, Hawaii",earthquake,23.03,21.31,0.27,5,automatic,hv,hv
2019-09-03T02:32:14.860Z,35.6710014,-117.5213318,9.47,3.2,ml,56,62,0.09711,0.16,ci,ci39037488,2019-09-03T02:54:40.030Z,"15km ENE of Ridgecrest, CA",earthquake,0.18,0.44,0.228,17,automatic,ci,ci
2019-09-03T02:29:20.280Z,35.6691667,-117.5243333,10.02,2.79,ml,40,37,0.05951,0.15,ci,ci39037480,2019-09-03T02:40:23.250Z,"15km ENE of Ridgecrest, CA",earthquake,0.19,0.38,0.134,25,automatic,ci,ci
2019-09-03T02:23:09.490Z,35.5158348,-117.4134979,7.61,3.08,ml,68,33,0.04097,0.17,ci,ci39037448,2019-09-03T02:51:24.628Z,"26km NE of Johannesburg, CA",earthquake,0.17,0.57,0.229,21,automatic,ci,ci
2019-09-03T02:21:08.566Z,21.8559,-107.7474,10,4.3,mb,,198,2.725,0.69,us,us70005bbb,2019-09-04T01:28:37.664Z,"203km SW of Mazatlan, Mexico",earthquake,5.2,2,0.079,45,reviewed,us,us
2019-09-03T01:59:55.250Z,19.365,-65.701,34,2.57,md,14,312,1.1231,0.29,pr,pr2019246000,2019-09-03T03:49:48.040Z,"111km N of Vieques, Puerto Rico",earthquake,1.81,14.88,0.15,10,reviewed,pr,pr
2019-09-03T01:59:04.289Z,13.9654,144.7013,193.62,4.4,mb,,159,0.407,0.72,us,us70005bb2,2019-09-03T02:19:17.040Z,"51km NNW of Dededo Village, Guam",earthquake,13.2,8.1,0.073,54,reviewed,us,us
2019-09-03T01:48:04.580Z,41.3776665,-122.1273346,3.27,2.54,md,7,95,0.05491,0.03,nc,nc73264045,2019-09-03T15:09:25.531Z,"14km N of McCloud, CA",earthquake,0.32,1.31,0.06,4,automatic,nc,nc
2019-09-03T00:47:31.589Z,23.7111,121.5815,10,4.9,mb,,87,0.46,1.05,us,us70005bam,2019-09-03T01:36:02.040Z,"29km S of Hualian, Taiwan",earthquake,2.2,1.9,0.117,23,reviewed,us,us
2019-09-03T00:30:33.190Z,34.4586667,-118.4811667,16.9,2.74,ml,83,14,0.04876,0.27,ci,ci39037232,2019-09-04T05:04:32.443Z,"5km NNE of Santa Clarita, CA",earthquake,0.26,0.73,0.203,26,automatic,ci,ci
2019-09-02T23:58:25.510Z,19.0791,-66.239,98,3.25,md,3,327,1.2382,0.05,pr,pr2019245015,2019-09-03T03:38:07.716Z,"68km N of Dorado, Puerto Rico",earthquake,7.17,5.21,0,1,reviewed,pr,pr
2019-09-02T23:37:07.652Z,67.5301,-160.6052,4,2.5,ml,,,,0.5,ak,ak019b9kkxxv,2019-09-03T03:41:35.040Z,"100km E of Noatak, Alaska",earthquake,,0.5,,,automatic,ak,ak
2019-09-02T22:45:48.885Z,23.7752,-45.2273,10,5.9,mww,,39,16.622,0.6,us,us70005b9q,2019-09-03T19:01:28.040Z,"Northern Mid-Atlantic Ridge",earthquake,9.1,1.8,0.071,19,reviewed,us,us
2019-09-02T22:08:39.000Z,36.92833333,-97.4745,7.65,3.24,ml,57,93,0,0.23,ok,ok2019rfmp,2019-09-03T19:18:32.815Z,"16km SE of Caldwell, Kansas",earthquake,,0.7,0.19,25,reviewed,ok,ok
2019-09-02T20:53:30.565Z,-24.0769,-67.0467,176.42,4.9,mww,,56,1.527,1.2,us,us70005b8m,2019-09-02T21:18:45.040Z,"75km WNW of San Antonio de los Cobres, Argentina",earthquake,5.9,6.3,0.073,18,reviewed,us,us
2019-09-02T19:49:44.490Z,-20.6018,-177.9332,504.25,4.4,mb,,134,4.739,0.95,us,us70005b8f,2019-09-02T20:56:09.040Z,"80km E of Ndoi Island, Fiji",earthquake,15.1,7.3,0.087,38,reviewed,us,us
2019-09-02T18:16:06.230Z,18.9985,-64.7518,50,2.77,md,5,345,1.6046,0.21,pr,pr2019245014,2019-09-02T21:30:50.040Z,"21km N of Road Town, British Virgin Islands",earthquake,3.99,13.14,0.3,3,reviewed,pr,pr
2019-09-02T17:53:59.770Z,19.3430004,-155.1230011,1.4,2.59,ml,34,132,0.0417,0.35,hv,hv71121767,2019-09-02T17:59:40.580Z,"15km SE of Volcano, Hawaii",earthquake,0.58,0.61,0.53,9,automatic,hv,hv
2019-09-02T17:34:12.360Z,41.3746681,-122.1363297,7.07,2.73,md,20,117,0.06219,0.19,nc,nc73263850,2019-09-03T15:17:32.114Z,"13km N of McCloud, CA",earthquake,0.45,1.2,0.16,20,automatic,nc,nc
2019-09-02T16:35:27.820Z,-14.0297,-72.6001,80,5,mb,,73,4.605,1.03,us,us70005b70,2019-09-03T02:04:24.180Z,"53km SE of Abancay, Peru",earthquake,8,1.9,0.03,352,reviewed,us,us
2019-09-02T16:24:36.990Z,19.422,-155.2746667,0.2,2.57,ml,54,40,0.003887,0.1,hv,hv71121642,2019-09-03T13:22:52.040Z,"3km WSW of Volcano, Hawaii",earthquake,0.12,0.1,0.172,20,reviewed,hv,hv
2019-09-02T15:46:36.395Z,39.2348,40.1384,10,4.3,mb,,64,0.829,0.8,us,us70005b6p,2019-09-02T16:41:46.040Z,"6km E of Yayladere, Turkey",earthquake,2.9,1.9,0.188,8,reviewed,us,us
2019-09-02T13:02:45.272Z,80.0639,-0.6557,10,5.2,mb,,45,2.578,1.09,us,us70005b6f,2019-09-02T13:34:33.040Z,"North of Svalbard",earthquake,7.3,1.4,0.026,505,reviewed,us,us
2019-09-02T09:57:19.855Z,58.3927,-152.7506,39.3,2.5,ml,,,,0.59,ak,ak019b9cd6s8,2019-09-02T23:30:26.520Z,"70km NNW of Kodiak, Alaska",earthquake,,1.3,,,automatic,ak,ak
2019-09-02T09:24:57.938Z,-6.1835,130.2336,166.35,5,mb,,70,2.076,1.01,us,us70005b5q,2019-09-02T09:39:47.040Z,"229km NNW of Saumlaki, Indonesia",earthquake,3.2,8.1,0.156,13,reviewed,us,us
2019-09-02T08:03:26.350Z,35.6633333,-117.5258333,6.3,2.56,ml,37,36,0.05422,0.16,ci,ci39035224,2019-09-03T00:29:31.381Z,"14km ENE of Ridgecrest, CA",earthquake,0.21,0.6,0.16,24,automatic,ci,ci
2019-09-02T06:48:24.871Z,12.3877,144.6651,10,4.8,mb,,131,1.21,0.58,us,us70005b53,2019-09-02T07:36:06.040Z,"97km S of Merizo Village, Guam",earthquake,11,1.9,0.055,102,reviewed,us,us
2019-09-02T06:41:48.770Z,12.3214,144.8473,10,5,mb,,141,1.26,0.99,us,us70005b4r,2019-09-02T06:58:44.040Z,"105km S of Inarajan Village, Guam",earthquake,11.7,1.9,0.054,109,reviewed,us,us
2019-09-02T05:55:41.262Z,0.3658,-103.0326,10,4.4,mb,,215,12.789,0.71,us,us70005b4h,2019-09-02T06:31:09.040Z,"Galapagos Triple Junction region",earthquake,15.7,2,0.059,83,reviewed,us,us
2019-09-02T05:33:59.970Z,19.1713,-66.1315,24,2.47,md,13,300,0.8002,0.2,pr,pr2019245008,2019-09-02T07:30:10.138Z,"78km N of San Juan, Puerto Rico",earthquake,1.03,14.46,0.38,13,reviewed,pr,pr
2019-09-02T04:55:14.310Z,33.6525,-117.3305,3.2,2.77,ml,103,28,0.07977,0.22,ci,ci39034816,2019-09-02T17:36:38.486Z,"2km S of Lake Elsinore, CA",earthquake,0.19,0.53,0.179,25,automatic,ci,ci
2019-09-02T04:07:48.770Z,18.7418,-67.2996,37,2.49,md,9,263,0.3328,0.09,pr,pr2019245004,2019-09-02T07:29:34.802Z,"34km NW of San Antonio, Puerto Rico",earthquake,0.68,1.19,0.29,7,reviewed,pr,pr
2019-09-02T04:05:04.610Z,33.649,-117.3335,5.73,3.19,ml,139,29,0.07719,0.24,ci,ci39034704,2019-09-03T20:41:48.263Z,"2km NE of Lakeland Village, CA",earthquake,0.13,0.64,0.157,194,reviewed,ci,ci
2019-09-02T03:59:21.630Z,37.187,-112.892,17.65,2.95,ml,23,44,0.1791,0.2,uu,uu60338487,2019-09-03T22:20:48.895Z,"21km NNE of Hildale, Utah",earthquake,0.4,0.81,0.158,11,reviewed,uu,uu
2019-09-02T02:59:15.590Z,19.2,-155.4481667,37.27,2.85,ml,67,123,0.0228,0.12,hv,hv71120652,2019-09-03T01:40:12.130Z,"4km E of Pahala, Hawaii",earthquake,0.38,0.48,0.126,43,reviewed,hv,hv
2019-09-02T02:53:30.250Z,19.2236,-67.2605,26,2.62,md,3,337,0.7707,0.41,pr,pr2019245002,2019-09-02T05:49:28.425Z,"82km NNW of San Antonio, Puerto Rico",earthquake,5.01,27.33,0.35,3,reviewed,pr,pr
2019-09-02T02:12:29.350Z,19.2161,-63.8985,17,3.12,md,9,254,1.4274,0.28,pr,pr2019245006,2019-09-02T05:50:36.641Z,"116km NE of Road Town, British Virgin Islands",earthquake,5.98,8.6,0.35,6,reviewed,pr,pr
2019-09-02T00:54:51.780Z,17.9068,-65.8891,8,2.74,md,18,306,0.1735,0.21,pr,pr2019245000,2019-09-02T02:26:46.040Z,"18km S of Emajagua, Puerto Rico",earthquake,1.19,1.39,0.5,14,reviewed,pr,pr
2019-09-01T23:35:06.760Z,35.6553333,-117.463,1.9,2.83,ml,36,42,0.03347,0.16,ci,ci39034088,2019-09-01T23:45:41.130Z,"14km SSW of Searles Valley, CA",earthquake,0.19,0.33,0.188,25,automatic,ci,ci
2019-09-01T23:19:17.545Z,53.0732,-168.7045,85.78,4.2,mb,,124,0.136,1.31,us,us70005b2g,2019-09-02T18:54:25.086Z,"18km NE of Nikolski, Alaska",earthquake,7.3,8.6,0.048,118,reviewed,us,us
2019-09-01T22:41:23.075Z,2.2093,96.6603,37.06,4.9,mb,,160,1.282,0.71,us,us70005b2b,2019-09-01T23:00:44.040Z,"43km SE of Sinabang, Indonesia",earthquake,7.8,7.8,0.076,54,reviewed,us,us
2019-09-01T22:30:05.020Z,35.1618333,-118.2056667,5.05,2.5,ml,61,24,0.1553,0.15,ci,ci39033976,2019-09-03T19:08:04.240Z,"12km NNW of Mojave, CA",earthquake,0.12,0.96,0.226,183,reviewed,ci,ci
2019-09-01T22:07:54.970Z,31.6795,-115.9128333,10.98,3.11,ml,12,128,0.3076,0.15,ci,ci39033896,2019-09-03T17:38:52.354Z,"62km E of Maneadero, B.C., MX",earthquake,0.37,0.83,0.162,53,reviewed,ci,ci
2019-09-01T21:40:19.720Z,19.0685,-66.1705,9,2.51,md,15,290,0.6918,0.23,pr,pr2019244014,2019-09-01T22:05:43.383Z,"67km N of San Juan, Puerto Rico",earthquake,2.04,2.75,0.36,15,reviewed,pr,pr
2019-09-01T21:32:17.362Z,-18.6071,-70.9799,35,5.1,mww,,139,0.618,1.09,us,us70005b1n,2019-09-02T10:14:22.431Z,"72km WSW of Arica, Chile",earthquake,5.9,2,0.071,19,reviewed,us,us
2019-09-01T20:49:46.651Z,38.7679,22.5752,10,3.8,mwr,,61,1.667,0.99,us,us70005b1c,2019-09-01T22:00:45.040Z,"8km SW of Molos, Greece",earthquake,4.5,1.9,0.075,17,reviewed,us,us
2019-09-01T20:03:39.129Z,59.0742,-136.915,6.6,2.7,ml,,,,0.84,ak,ak019b7v22rz,2019-09-01T20:16:32.040Z,"85km W of Haines, Alaska",earthquake,,0.3,,,automatic,ak,ak
2019-09-01T19:35:07.690Z,18.6683,-66.4836,12,2.47,md,17,239,0.1966,0.25,pr,pr2019244013,2019-09-01T20:09:43.040Z,"23km N of Tierras Nuevas Poniente, Puerto Rico",earthquake,0.92,0.79,0.29,15,reviewed,pr,pr
2019-09-01T18:57:53.999Z,46.6317,143.9236,386.74,4.1,mb,,133,0.863,0.56,us,us70005b0j,2019-09-01T19:38:01.040Z,"87km E of Korsakov, Russia",earthquake,12.6,7.1,0.075,49,reviewed,us,us
2019-09-01T18:16:52.053Z,44.4328,-114.1792,5,2.6,ml,,111,0.886,0.68,us,us70005b0b,2019-09-02T17:14:28.619Z,"9km SSE of Challis, Idaho",earthquake,1.5,1.9,0.052,49,reviewed,us,us
2019-09-01T18:13:48.377Z,56.714,-153.7347,52.3,2.8,ml,,,,0.86,ak,ak019b7txcxl,2019-09-01T20:26:03.213Z,"154km SSE of Larsen Bay, Alaska",earthquake,,1.1,,,reviewed,ak,ak
2019-09-01T18:12:01.030Z,31.5678333,-115.7071667,6.09,2.57,ml,13,125,0.1877,0.12,ci,ci39033336,2019-09-03T22:16:56.278Z,"83km ESE of Maneadero, B.C., MX",earthquake,0.61,1.69,0.157,17,reviewed,ci,ci
2019-09-01T17:18:26.575Z,-20.5156,-178.4356,600.06,4.6,mb,,115,4.314,1.14,us,us70005azw,2019-09-01T18:44:11.040Z,"31km ENE of Ndoi Island, Fiji",earthquake,12.4,6.9,0.032,296,reviewed,us,us
2019-09-01T16:58:24.724Z,0.3643,126.327,32.79,4.6,mb,,50,1.115,0.89,us,us70005azn,2019-09-01T18:29:07.040Z,"124km WSW of Kota Ternate, Indonesia",earthquake,5.6,4.6,0.117,29,reviewed,us,us
2019-09-01T16:41:06.875Z,36.8751,-104.8419,5,2.8,ml,,72,0.075,0.68,us,us70005az3,2019-09-01T19:28:47.040Z,"36km W of Raton, New Mexico",earthquake,1.8,1.9,0.045,66,reviewed,us,us
2019-09-01T15:54:20.295Z,-20.3912,-178.5508,591,6.6,mww,,19,4.152,1.08,us,us70005axg,2019-09-03T13:18:43.946Z,"32km NNE of Ndoi Island, Fiji",earthquake,9.9,1.9,0.038,65,reviewed,us,us
2019-09-01T14:50:09.752Z,-27.462,-70.2266,91.73,4.6,mb,,94,0.131,0.79,us,us70005awx,2019-09-01T17:21:41.040Z,"14km SE of Copiapo, Chile",earthquake,5.7,1.4,0.194,9,reviewed,us,us
2019-09-01T14:08:11.550Z,40.2628326,-121.4039993,7.51,2.66,md,12,124,,0.08,nc,nc73263280,2019-09-01T16:00:03.576Z,"15km WSW of Chester, CA",earthquake,0.35,1.79,0.09,17,automatic,nc,nc
2019-09-01T13:32:06.325Z,36.8638,-104.7906,5,2.8,ml,,94,0.085,0.62,us,us70005awd,2019-09-01T19:23:41.040Z,"31km W of Raton, New Mexico",earthquake,1.9,1.8,0.045,66,reviewed,us,us
2019-09-01T13:21:06.545Z,38.037,-97.9752,4.39,3.1,mb_lg,,146,0.029,0.31,us,us70005aw8,2019-09-03T21:15:30.761Z,"3km WNW of South Hutchinson, Kansas",earthquake,2.1,7.9,0.044,136,reviewed,us,us
2019-09-01T12:54:37.148Z,36.885,-104.8027,3.97,2.7,mb_lg,,106,0.096,0.29,us,us70005aw4,2019-09-04T08:41:59.040Z,"32km W of Raton, New Mexico",earthquake,1,2.9,0.074,82,reviewed,us,us
2019-09-01T12:05:32.650Z,35.596,-117.4076667,9.01,2.48,ml,39,44,0.04545,0.15,ci,ci39032464,2019-09-01T15:41:08.347Z,"19km S of Trona, CA",earthquake,0.23,0.39,0.137,25,automatic,ci,ci
2019-09-01T12:02:23.767Z,59.9523,-140.0741,5.3,2.6,ml,,,,0.75,ak,ak019b7qad2l,2019-09-01T12:40:42.040Z,"49km NNW of Yakutat, Alaska",earthquake,,0.2,,,automatic,ak,ak
2019-09-01T11:57:36.436Z,5.3845,126.7614,90.77,4.9,mb,,76,2.045,0.94,us,us70005avt,2019-09-01T12:38:54.040Z,"125km SSE of Pondaguitan, Philippines",earthquake,8.2,5.4,0.052,114,reviewed,us,us
2019-09-01T11:29:43.714Z,37.2923,-104.9389,5,3.7,ml,,61,0.21,1.1,us,us70005avg,2019-09-03T12:00:29.848Z,"39km SSW of Walsenburg, Colorado",earthquake,1.6,2,0.041,128,reviewed,us,us
2019-09-01T10:47:30.999Z,62.4263,-150.5708,58.4,2.7,ml,,,,0.49,ak,ak019b7pd5jg,2019-09-01T12:20:26.040Z,"26km WNW of Talkeetna, Alaska",earthquake,,0.7,,,automatic,ak,ak
2019-09-01T10:34:08.698Z,-6.1637,151.3061,10,4.8,mb,,113,2.137,0.49,us,us70005av2,2019-09-01T13:59:23.040Z,"145km ESE of Kimbe, Papua New Guinea",earthquake,9.6,1.8,0.131,18,reviewed,us,us
2019-09-01T10:16:30.338Z,61.4516,-149.945,29.8,3.2,ml,,,,0.59,ak,ak019b7p6iac,2019-09-01T22:39:25.051Z,"7km S of Big Lake, Alaska",earthquake,,0.3,,,reviewed,ak,ak
2019-09-01T10:11:27.443Z,60.5495,-159.5217,8.6,2.5,ml,,,,0.81,ak,ak019b7p5fjd,2019-09-01T11:17:23.040Z,"125km ESE of Bethel, Alaska",earthquake,,0.2,,,automatic,ak,ak
2019-09-01T08:22:23.280Z,18.5718,-66.8633,96,2.62,md,4,269,0.2689,0.54,pr,pr2019244010,2019-09-01T11:56:11.254Z,"9km N of Camuy, Puerto Rico",earthquake,6.83,3.43,0.1,4,reviewed,pr,pr
2019-09-01T08:18:53.172Z,59.9641,-140.0936,7.2,2.6,ml,,,,0.79,ak,ak019b7o04bz,2019-09-01T08:23:00.429Z,"50km NNW of Yakutat, Alaska",earthquake,,0.2,,,automatic,ak,ak
2019-09-01T07:38:36.441Z,59.0525,-137.0051,2.7,2.7,ml,,,,0.76,ak,ak019b7nixq5,2019-09-01T08:00:16.040Z,"91km WSW of Haines, Alaska",earthquake,,0.2,,,automatic,ak,ak
2019-09-01T07:37:38.420Z,18.4428,-66.1596,87,2.82,md,15,235,0.1539,0.16,pr,pr2019244009,2019-09-01T08:04:52.700Z,"2km ESE of Levittown, Puerto Rico",earthquake,0.89,0.52,0.39,12,reviewed,pr,pr
2019-09-01T07:12:04.740Z,37.4268341,-121.7685013,9.09,2.48,md,61,35,,0.05,nc,nc73263060,2019-09-01T10:16:02.819Z,"8km NE of Alum Rock, CA",earthquake,0.12,0.33,0.11,73,automatic,nc,nc
2019-09-01T06:34:55.640Z,18.2758,-68.2876,149,3.28,md,20,157,0.8157,0.58,pr,pr2019244008,2019-09-01T07:10:58.040Z,"31km SE of Punta Cana, Dominican Republic",earthquake,3.97,2.29,0.25,18,reviewed,pr,pr
2019-09-01T06:23:52.146Z,5.1661,125.242,56.23,4.7,mb,,51,1.92,0.89,us,us70005atm,2019-09-02T10:04:34.088Z,"35km SW of Sarangani, Philippines",earthquake,7.2,7.6,0.073,57,reviewed,us,us
2019-09-01T06:08:54.246Z,59.1156,-136.7994,12.5,2.9,ml,,,,0.94,ak,ak019b7mr401,2019-09-01T07:25:10.040Z,"78km W of Haines, Alaska",earthquake,,0.4,,,automatic,ak,ak
2019-09-01T05:11:18.528Z,59.088,-136.9143,5.4,3.4,ml,,,,0.61,ak,ak019b7m68sn,2019-09-01T07:04:52.040Z,"85km W of Haines, Alaska",earthquake,,0.4,,,automatic,ak,ak
2019-09-01T04:32:26.633Z,59.0774,-136.9642,0.6,5,mww,,,,0.53,ak,ak019b7lpbt4,2019-09-04T06:08:28.591Z,"82km W of Haines, Alaska",earthquake,,0.6,,,reviewed,ak,ak
2019-09-01T04:31:08.970Z,18.2228,-67.7121,94,2.62,md,8,158,0.2835,0.21,pr,pr2019244002,2019-09-01T05:10:59.240Z,"50km WSW of Rincon, Puerto Rico",earthquake,1.7,1.39,0.36,8,reviewed,pr,pr
2019-09-01T03:42:33.550Z,69.541,-144.2122,0,2.8,ml,,,,0.65,ak,ak019b7l61ya,2019-09-01T11:45:02.264Z,"69km SSW of Kaktovik, Alaska",earthquake,,1.2,,,automatic,ak,ak
2019-09-01T03:28:44.010Z,18.2173,-67.1728,104,2.73,md,14,136,0.028,0.15,pr,pr2019244000,2019-09-01T11:31:17.332Z,"3km WNW of Mayaguez, Puerto Rico",earthquake,1.3,0.81,0.27,13,reviewed,pr,pr
2019-09-01T02:34:50.325Z,-49.9069,-114.9431,10,5.5,mww,,118,34.398,1.4,us,us70005arj,2019-09-03T15:42:19.040Z,"Southern East Pacific Rise",earthquake,11.7,1.9,0.086,13,reviewed,us,us
2019-09-01T02:20:37.315Z,66.6611,-135.7848,17.5,3.6,ml,,,,0.69,ak,ak019b7kfww3,2019-09-01T08:30:42.280Z,"95km SSW of Fort McPherson, Canada",earthquake,,0.1,,,reviewed,ak,ak
2019-09-01T01:52:13.061Z,43.5777,-127.6093,10,3.1,ml,,254,2.495,0.73,us,us70005are,2019-09-02T06:09:26.196Z,"264km WNW of Bandon, Oregon",earthquake,11.2,2,0.042,74,reviewed,us,us
2019-09-01T00:02:40.319Z,42.8369,13.0721,8.74,4.2,mb,,30,0.031,0.91,us,us70005aqt,2019-09-01T23:47:14.536Z,"5km NNW of Norcia, Italy",earthquake,5.3,6.1,0.2,7,reviewed,us,us
2019-09-01T00:01:46.520Z,19.4353333,-154.9125,11.11,2.82,ml,54,185,0.02105,0.1,hv,hv71118832,2019-09-02T20:19:40.341Z,"3km S of Leilani Estates, Hawaii",earthquake,0.47,0.24,0.139,43,reviewed,hv,hv
2019-08-31T23:54:41.679Z,-49.9744,-114.3858,10,5.2,mb,,117,26.449,0.95,us,us70005aqu,2019-09-03T15:19:15.040Z,"Southern East Pacific Rise",earthquake,14.5,1.9,0.073,61,reviewed,us,us
2019-08-31T23:48:39.251Z,9.3609,126.3369,74.4,4.6,mb,,114,2.396,0.85,us,us70005aqm,2019-09-01T00:32:33.040Z,"18km ENE of Cortes, Philippines",earthquake,10,7.1,0.082,45,reviewed,us,us
2019-08-31T23:46:04.182Z,24.8473,122.2445,8.58,4.5,mb,,50,0.793,1.02,us,us70005aqn,2019-09-01T00:24:04.040Z,"48km NE of Su'ao, Taiwan",earthquake,2.5,5.2,0.14,15,reviewed,us,us
2019-08-31T17:33:53.622Z,-60.207,-26.2955,10,4.9,mb,,66,8.105,1.18,us,us70005an0,2019-09-02T16:55:48.040Z,"131km S of Bristol Island, South Sandwich Islands",earthquake,12.1,1.9,0.092,40,reviewed,us,us
2019-08-31T16:49:51.570Z,37.581665,-118.7368317,10.27,2.68,ml,28,92,0.07378,0.05,nc,nc73262755,2019-08-31T23:42:04.932Z,"6km WNW of Toms Place, CA",earthquake,0.36,0.76,0.208,13,automatic,nc,nc
2019-08-31T15:58:32.657Z,36.8164,27.7097,10,3,ml,,102,0.686,0.31,us,us70005brs,2019-09-04T05:06:29.427Z,"9km NNE of Datca, Turkey",earthquake,5,2,0.097,14,reviewed,us,us
2019-08-31T15:09:21.811Z,22.7269,95.5099,10,5.5,mww,,31,1.766,0.55,us,us70005alm,2019-09-03T15:12:52.040Z,"26km NW of Shwebo, Burma",earthquake,6.1,1.8,0.069,20,reviewed,us,us
2019-08-31T15:06:39.020Z,19.1796,-63.906,81,3.55,md,16,238,1.4021,0.37,pr,pr2019243011,2019-09-02T15:57:27.040Z,"120km NE of Road Town, British Virgin Islands",earthquake,3.89,9.64,0.32,16,reviewed,pr,pr
2019-08-31T14:42:19.590Z,18.1713,-67.6755,63,2.61,md,16,186,0.2898,0.27,pr,pr2019243010,2019-09-02T16:07:21.040Z,"39km WSW of Stella, Puerto Rico",earthquake,1.41,1.03,0.33,14,reviewed,pr,pr
2019-08-31T14:28:29.900Z,19.1263,-68.9201,72,3.41,md,7,185,0.314,0.12,pr,pr2019243013,2019-09-02T16:10:04.040Z,"29km NNE of Miches, Dominican Republic",earthquake,13.3,2.12,0,1,reviewed,pr,pr
2019-08-31T14:04:38.967Z,56.4801,-149.1276,23.27,3,ml,,226,2.292,0.82,us,us70005ang,2019-09-02T15:20:55.559Z,"246km SE of Kodiak, Alaska",earthquake,8.7,11,0.04,84,reviewed,us,us
2019-08-31T14:02:57.568Z,52.3417,-169.014,35.58,2.9,ml,,268,0.621,0.55,us,us70005an8,2019-09-02T14:38:25.040Z,"67km S of Nikolski, Alaska",earthquake,2.8,64.8,0.209,6,reviewed,us,us
2019-08-31T13:47:52.928Z,47.4897,-70.1173,14.41,2.7,mb_lg,,72,0.153,0.31,us,us70005aru,2019-09-02T14:28:33.040Z,"16km NNW of La Pocatiere, Canada",earthquake,3.8,8.2,0.1,26,reviewed,us,us
2019-08-31T13:37:56.435Z,31.3283,-103.0883,5,2.7,ml,,46,0.28,0.41,us,us70005ala,2019-09-02T14:20:53.040Z,"34km SSW of Monahans, Texas",earthquake,1.5,0.9,0.128,18,reviewed,us,us
2019-08-31T13:09:57.938Z,31.3176,-103.0891,2.39,2.5,ml,,46,0.281,0.55,us,us70005al9,2019-09-02T14:10:13.040Z,"35km SSW of Monahans, Texas",earthquake,0.8,6.3,0.128,17,reviewed,us,us
2019-08-31T13:02:20.286Z,7.5176,126.6432,58.96,5.1,mww,,71,1.145,0.76,us,us70005al7,2019-09-02T13:53:19.287Z,"9km NE of Baculin, Philippines",earthquake,7.4,5,0.071,19,reviewed,us,us
2019-08-31T12:00:06.315Z,2.7503,-84.3467,10,4.6,mb,,87,5.715,0.64,us,us70005akv,2019-08-31T12:17:49.040Z,"Off the coast of Central America",earthquake,8.2,1.9,0.038,210,reviewed,us,us
2019-08-31T11:42:52.825Z,56.3664,-149.0215,20.07,3.3,ml,,193,2.408,0.52,us,us70005akx,2019-08-31T12:27:38.040Z,"259km SE of Kodiak, Alaska",earthquake,2.3,10.4,0.041,78,reviewed,us,us
2019-08-31T11:18:32.830Z,40.8614998,-123.104332,43.73,2.85,md,24,80,0.1473,0.15,nc,nc73262680,2019-08-31T18:27:00.294Z,"20km NW of Weaverville, CA",earthquake,0.72,0.93,0.1,10,automatic,nc,nc
2019-08-31T10:17:58.390Z,18.247,-67.7183,88,2.66,md,9,305,0.2758,0.25,pr,pr2019243008,2019-08-31T13:49:06.116Z,"50km WSW of Rincon, Puerto Rico",earthquake,2.24,1.32,0.26,7,reviewed,pr,pr
2019-08-31T10:08:47.926Z,62.3307,-149.7249,15.1,2.6,ml,,,,0.79,ak,ak019b61lhih,2019-08-31T10:37:33.040Z,"19km NNE of Y, Alaska",earthquake,,0.3,,,automatic,ak,ak
2019-08-31T09:45:07.820Z,18.1711,-67.6385,5,2.85,md,15,184,0.2663,0.4,pr,pr2019243006,2019-08-31T10:47:16.040Z,"56km W of Puerto Real, Puerto Rico",earthquake,1.09,0.96,0.39,17,reviewed,pr,pr
2019-08-31T08:45:14.180Z,19.1518,-63.9471,7,4.9,ml,23,221,1.405,0.71,pr,pr2019243005,2019-08-31T12:53:10.804Z,"86km NE of Road Town, British Virgin Islands",earthquake,4.44,2.98,0.38,21,reviewed,pr,pr
2019-08-31T08:27:38.903Z,56.3733,-148.6069,0,3.1,ml,,,,0.66,ak,ak019b60iuuh,2019-08-31T08:32:28.685Z,"279km ESE of Kodiak, Alaska",earthquake,,756,,,automatic,ak,ak
2019-08-31T07:50:18.038Z,23.0347,121.7453,11.42,4.6,mb,,92,0.65,0.74,us,us70005aim,2019-08-31T08:03:59.040Z,"68km ENE of Taitung City, Taiwan",earthquake,3.5,5.3,0.119,21,reviewed,us,us
2019-08-31T07:42:32.487Z,6.2092,126.5826,35.78,4.6,mb,,137,1.313,0.78,us,us70005ail,2019-08-31T08:00:12.040Z,"47km ESE of Pondaguitan, Philippines",earthquake,7.9,9.1,0.133,17,reviewed,us,us
2019-08-31T07:26:56.980Z,35.8291667,-117.6813333,7.89,2.72,ml,38,42,0.06943,0.19,ci,ci39028608,2019-08-31T13:18:00.411Z,"23km N of Ridgecrest, CA",earthquake,0.23,0.75,0.196,25,automatic,ci,ci
2019-08-31T06:53:49.664Z,51.8869,-171.5675,32.15,4.2,mb,,175,1.39,1.02,us,us70005ai9,2019-08-31T18:30:37.056Z,"70km SSW of Amukta Island, Alaska",earthquake,5.9,5.9,0.081,42,reviewed,us,us
2019-08-31T06:40:36.035Z,42.4947,89.2854,10,4.5,mb,,76,6.584,0.87,us,us70005ai7,2019-08-31T08:36:37.040Z,"49km SSE of Turpan, China",earthquake,7.7,1.8,0.124,19,reviewed,us,us
2019-08-31T06:30:52.114Z,-21.2013,170.0036,36.61,4.8,mb,,94,2.759,0.5,us,us70005ai6,2019-08-31T06:58:04.040Z,"198km SSE of Isangel, Vanuatu",earthquake,8.5,7.8,0.098,32,reviewed,us,us
2019-08-31T04:14:12.830Z,18.986,-67.2043,20,2.81,md,9,285,0.5268,0.63,pr,pr2019243004,2019-08-31T10:00:10.371Z,"55km NNW of San Antonio, Puerto Rico",earthquake,3.22,47.29,0.36,7,reviewed,pr,pr
2019-08-31T04:01:47.560Z,40.3151665,-124.4291687,8.62,2.51,md,14,267,0.07139,0.08,nc,nc73262485,2019-08-31T06:44:03.400Z,"12km W of Petrolia, CA",earthquake,1.42,0.56,0.13,12,automatic,nc,nc
2019-08-31T03:56:21.860Z,36.104,-119.9846667,5.38,2.6,md,57,101,0.2546,0.12,nc,nc73262475,2019-09-04T04:21:05.167Z,"11km N of Kettleman City, CA",earthquake,0.33,1.59,0.197,53,reviewed,nc,nc
2019-08-31T03:38:44.610Z,18.5743,-68.5388,157,3.16,md,14,208,0.9662,0.5,pr,pr2019243003,2019-08-31T17:22:58.040Z,"3km NW of Boca de Yuma, Dominican Republic",earthquake,5.76,2.57,0.24,12,reviewed,pr,pr
2019-08-31T03:10:21.974Z,19.4974,144.351,10,4.8,mb,,140,17.808,0.81,us,us70005ah1,2019-09-01T05:16:21.040Z,"128km SSW of Farallon de Pajaros, Northern Mariana Islands",earthquake,14.6,1.9,0.065,103,reviewed,us,us
2019-08-31T02:29:08.275Z,60.6467,-153.3522,166.3,3.1,ml,,,,0.64,ak,ak019b5wyfl7,2019-08-31T02:41:30.637Z,"37km WNW of Redoubt Volcano, Alaska",earthquake,,0.4,,,automatic,ak,ak
2019-08-31T02:26:23.880Z,35.8751667,-117.6993333,7.17,2.48,ml,37,48,0.08275,0.19,ci,ci39027808,2019-08-31T02:37:05.190Z,"20km ESE of Little Lake, CA",earthquake,0.23,0.79,0.206,25,automatic,ci,ci
2019-08-31T01:42:46.110Z,18.0673,-67.9558,68,2.87,md,16,184,0.5725,0.53,pr,pr2019243001,2019-08-31T02:11:00.401Z,"74km SE of Punta Cana, Dominican Republic",earthquake,2.7,2.31,0.25,16,reviewed,pr,pr
2019-08-31T01:15:05.266Z,-8.6821,119.5499,154.17,4.5,mb,,124,2.657,0.44,us,us70005agk,2019-09-01T05:20:50.040Z,"12km SSE of Komodo, Indonesia",earthquake,12.4,12.5,0.314,3,reviewed,us,us
2019-08-31T00:57:42.340Z,33.7001667,-116.7341667,18.17,2.74,ml,89,23,0.01996,0.22,ci,ci39027592,2019-08-31T07:39:06.516Z,"5km SSW of Idyllwild, CA",earthquake,0.18,0.33,0.214,25,automatic,ci,ci
2019-08-31T00:40:53.890Z,19.0105,-65.3943,22,2.82,md,17,301,0.9835,0.23,pr,pr2019243000,2019-08-31T03:57:28.040Z,"73km NNE of Luquillo, Puerto Rico",earthquake,1.43,18.76,0.17,15,reviewed,pr,pr
2019-08-31T00:18:19.060Z,36.086,-117.8621667,1.8,2.58,ml,34,95,0.03207,0.17,ci,ci39027496,2019-08-31T00:28:59.140Z,"9km ENE of Coso Junction, CA",earthquake,0.25,0.33,0.193,25,automatic,ci,ci
2019-08-31T00:09:15.590Z,18.28,-92.6775,10,4.1,mb,,98,2.053,0.88,us,us70005afz,2019-08-31T00:50:59.970Z,"13km ENE of Tamulte de las Sabanas, Mexico",earthquake,7.4,2,0.048,118,reviewed,us,us
2019-08-30T23:38:55.910Z,19.3866,-67.9958,82,3.04,md,13,216,1.1275,0.36,pr,pr2019242006,2019-08-31T04:47:08.040Z,"94km NNE of Punta Cana, Dominican Republic",earthquake,2.99,4.99,0.33,11,reviewed,pr,pr
2019-08-30T23:07:54.670Z,39.4804993,-122.9509964,14.05,2.54,md,30,51,0.198,0.16,nc,nc73262340,2019-08-31T03:47:03.327Z,"8km N of Lake Pillsbury, CA",earthquake,0.29,0.71,0.12,23,automatic,nc,nc
2019-08-30T22:28:33.115Z,35.9391,69.6249,131.05,4.1,mb,,81,1.474,0.71,us,us70005af3,2019-08-30T22:53:47.040Z,"46km ESE of Nahrin, Afghanistan",earthquake,7.1,15.5,0.262,4,reviewed,us,us
2019-08-30T21:16:05.890Z,18.889,-67.4278,8,2.75,md,9,289,0.5072,0.26,pr,pr2019242004,2019-08-31T00:57:31.742Z,"55km NW of San Antonio, Puerto Rico",earthquake,1.81,1.51,0.35,7,reviewed,pr,pr
2019-08-30T20:37:21.885Z,-29.7393,-69.3807,121.84,4.6,mb,,49,0.663,0.75,us,us70005ae6,2019-08-31T15:37:46.515Z,"82km NW of San Jose de Jachal, Argentina",earthquake,6.8,5.8,0.074,55,reviewed,us,us
2019-08-30T20:27:45.609Z,68.5249,-147.2684,0,2.5,ml,,,,0.78,ak,ak019b4k4jf1,2019-08-31T15:26:47.040Z,"81km NW of Arctic Village, Alaska",earthquake,,0.4,,,automatic,ak,ak
2019-08-30T19:54:43.370Z,36.2076667,-117.8565,2.98,2.52,ml,29,66,0.08991,0.18,ci,ci39026808,2019-08-30T20:05:44.800Z,"16km ESE of Olancha, CA",earthquake,0.27,0.98,0.098,25,automatic,ci,ci
2019-08-30T19:08:04.056Z,43.5272,-127.7069,10,2.9,ml,,247,2.551,0.81,us,us70005ad5,2019-08-31T14:40:18.040Z,"271km W of Bandon, Oregon",earthquake,8.6,2,0.043,72,reviewed,us,us
2019-08-30T19:03:58.240Z,37.4693336,-118.845665,5.65,2.67,md,27,133,,0.05,nc,nc73262245,2019-08-31T02:07:18.715Z,"18km SW of Toms Place, CA",earthquake,0.27,1.68,0.26,28,automatic,nc,nc
2019-08-30T17:21:04.269Z,37.5226,26.8158,5.22,4.5,mwr,,29,1.674,0.72,us,us70005abi,2019-09-02T07:12:40.410Z,"21km SSW of Chora, Greece",earthquake,4.2,4.5,0.08,15,reviewed,us,us
2019-08-30T16:38:20.570Z,37.4666672,-118.8440018,5.23,2.64,md,24,134,0.1237,0.05,nc,nc73262190,2019-08-30T18:53:02.897Z,"18km SW of Toms Place, CA",earthquake,0.31,2.13,0.28,25,automatic,nc,nc
2019-08-30T14:52:41.390Z,37.3648338,-118.5251694,10.72,2.5,ml,21,201,0.03251,0.05,nc,nc73262120,2019-08-31T02:06:57.539Z,"6km W of West Bishop, CA",earthquake,0.86,1.22,0.137,12,automatic,nc,nc
2019-08-30T14:22:02.140Z,21.6366667,-157.699,4.03,2.5,ml,9,200,,0.12,hv,hv71116317,2019-09-01T10:45:56.040Z,"29km NE of Ka'a'awa, Hawaii",earthquake,0.62,1.4,0.148,5,reviewed,hv,hv
2019-08-30T13:25:29.200Z,19.5086,-67.9508,11,2.64,md,8,244,1.219,0.31,pr,pr2019242003,2019-08-30T15:52:11.825Z,"113km NNE of Punta Cana, Dominican Republic",earthquake,4.69,4.95,0.37,7,reviewed,pr,pr
2019-08-30T13:21:33.090Z,20.17,-155.8015,12.38,2.46,ml,59,120,0.04996,0.11,hv,hv71116237,2019-09-01T07:13:37.040Z,"7km S of Kapaau, Hawaii",earthquake,0.43,0.24,0.17,18,reviewed,hv,hv
2019-08-30T13:01:36.363Z,44.6335,18.537,10.06,4.8,mb,,29,2.214,0.82,us,us70005a7c,2019-09-03T21:42:47.771Z,"5km NNW of Mramor, Bosnia and Herzegovina",earthquake,5.4,4.6,0.035,253,reviewed,us,us
2019-08-30T11:58:32.990Z,35.7095,-117.5501667,7.45,2.72,ml,40,57,0.08862,0.22,ci,ci39025416,2019-08-30T12:09:32.320Z,"15km WSW of Searles Valley, CA",earthquake,0.28,1.02,0.162,24,automatic,ci,ci
2019-08-30T11:50:31.254Z,62.0955,-151.1312,82.7,2.5,ml,,,,0.63,ak,ak019b4ewje0,2019-08-30T12:04:08.862Z,"58km WSW of Talkeetna, Alaska",earthquake,,0.5,,,automatic,ak,ak
2019-08-30T11:31:09.289Z,35.44866667,-97.91183333,5,2.56,ml,14,137,0.2321544434,0.74,ok,ok2019qzfb,2019-08-30T22:28:07.363Z,"6km NNE of Union City, Oklahoma",earthquake,,4.5,0.13,7,reviewed,ok,ok
2019-08-30T11:25:30.440Z,-17.6863,-69.6598,158.53,4.4,mb,,106,0.196,0.69,us,us70005a69,2019-08-30T11:52:15.040Z,"46km ESE of Tarata, Peru",earthquake,7.1,4.7,0.143,14,reviewed,us,us
2019-08-30T10:06:41.774Z,22.3883,143.5282,104.01,4.5,mb,,140,4.843,0.82,us,us70005a5s,2019-08-30T11:51:55.040Z,"249km NW of Farallon de Pajaros, Northern Mariana Islands",earthquake,12,8.9,0.082,44,reviewed,us,us
2019-08-30T08:55:41.140Z,35.6138333,-117.4046667,2.38,2.58,ml,36,85,0.05347,0.17,ci,ci39024928,2019-08-30T09:06:38.950Z,"17km S of Trona, CA",earthquake,0.25,0.4,0.173,25,automatic,ci,ci
2019-08-30T08:27:50.397Z,-22.8,-68.0476,145.32,4.7,mb,,64,0.193,0.77,us,us70005a3v,2019-08-30T08:46:19.040Z,"21km NE of San Pedro de Atacama, Chile",earthquake,8.8,5.1,0.147,14,reviewed,us,us
2019-08-30T07:00:04.173Z,45.7317,26.6826,132.48,4.5,mb,,57,0.571,1.1,us,us70005a3d,2019-09-03T12:35:31.752Z,"3km WNW of Nereju, Romania",earthquake,6.9,6.8,0.15,13,reviewed,us,us
2019-08-30T05:57:18.017Z,23.7758,-45.4454,10,5.3,mww,,75,16.439,0.97,us,us70005a2x,2019-09-03T14:38:41.040Z,"Northern Mid-Atlantic Ridge",earthquake,9.8,1.9,0.073,18,reviewed,us,us
2019-08-30T05:38:29.213Z,-7.5636,130.409,35,4.9,mb,,89,0.975,0.66,us,us70005a2q,2019-08-30T05:58:34.040Z,"108km WNW of Saumlaki, Indonesia",earthquake,3.3,1.9,0.08,50,reviewed,us,us
2019-08-30T05:37:09.942Z,8.451,-82.9599,6.74,4.7,mb,,108,0.358,0.71,us,us70005a2n,2019-08-30T05:51:45.040Z,"12km NW of Finca Blanco Numero Uno, Panama",earthquake,4.5,6.4,0.101,30,reviewed,us,us
2019-08-30T05:31:19.750Z,18.4258,-66.1198,101,2.47,md,10,269,0.1223,0.25,pr,pr2019242001,2019-08-30T08:58:51.924Z,"1km S of Catano, Puerto Rico",earthquake,2.37,1.18,0.32,8,reviewed,pr,pr
2019-08-30T04:36:58.947Z,59.0772,-136.9991,3.8,3.8,ml,,,,0.65,ak,ak019b4ank7c,2019-09-01T18:09:17.040Z,"90km W of Haines, Alaska",earthquake,,0.2,,,reviewed,ak,ak
2019-08-30T02:46:29.109Z,60.7145,-149.6057,33.4,3.2,ml,,,,0.45,ak,ak019b49iru2,2019-09-03T14:41:53.895Z,"50km W of Whittier, Alaska",earthquake,,0.4,,,reviewed,ak,ak
2019-08-30T02:38:53.407Z,36.9098,27.3244,67.98,2.8,ml,,49,0.945,1.01,us,us70005a3q,2019-09-04T05:06:56.283Z,"3km ENE of Kos, Greece",earthquake,3.7,23.3,0.091,16,reviewed,us,us
2019-08-29T23:33:04.261Z,37.2757,71.5541,108.92,4.3,mb,,74,0.267,0.59,us,us700059yv,2019-08-30T00:28:04.040Z,"23km S of Khorugh, Tajikistan",earthquake,6,5.5,0.116,21,reviewed,us,us
2019-08-29T23:16:39.270Z,19.1638333,-155.4601667,35.56,2.76,ml,67,125,0.008577,0.1,hv,hv71115227,2019-08-30T05:03:09.040Z,"5km SSE of Pahala, Hawaii",earthquake,0.42,0.48,0.145,40,reviewed,hv,hv
2019-08-29T22:24:12.580Z,44.3297,-110.5333,2.04,2.7,ml,,130,0.06,1.02,us,us700059yb,2019-08-30T20:51:19.040Z,"27km ESE of Old Faithful Geyser, Wyoming",earthquake,0.9,3.2,0.173,9,reviewed,uu,uu
2019-08-29T22:16:42.878Z,51.4068,-176.722,45.09,3.5,mb,,202,0.476,0.34,us,us700059yl,2019-08-30T18:16:06.062Z,"52km S of Adak, Alaska",earthquake,6.6,21.5,0.093,28,reviewed,us,us
2019-08-29T21:42:00.460Z,51.3983333,-179.0021667,10.69,2.62,ml,15,199,0.1948,0.27,av,av62080936,2019-09-04T00:35:36.550Z,"16km NNE of Amatignak Island, Alaska",earthquake,1.35,1.39,0.52,2,reviewed,av,av
2019-08-29T21:33:01.630Z,44.3323,-110.5255,1.44,2.6,ml,,121,0.059,0.49,us,us700059xk,2019-09-01T01:34:15.824Z,"28km ESE of Old Faithful Geyser, Wyoming",earthquake,1.3,1.3,0.203,5,reviewed,uu,uu
2019-08-29T20:59:03.131Z,50.861,-177.6909,30.34,2.5,ml,,229,0.905,0.48,us,us700059yf,2019-08-30T19:02:00.040Z,"108km ESE of Amatignak Island, Alaska",earthquake,2.6,8.9,,,reviewed,us,ak
2019-08-29T20:58:46.890Z,50.863,-177.6772,31.61,2.5,ml,,229,0.904,0.41,us,us700059ye,2019-08-30T17:43:57.040Z,"109km ESE of Amatignak Island, Alaska",earthquake,3.7,5.4,,,reviewed,us,ak
2019-08-29T20:49:12.219Z,55.9189,-157.521,46.1,2.6,ml,,,,0.52,ak,ak019b2wpuud,2019-08-30T16:01:35.040Z,"85km ESE of Chignik Lake, Alaska",earthquake,,0.5,,,reviewed,ak,ak
2019-08-29T19:37:03.682Z,0.7104,126.1282,44.41,4.6,mb,,55,1.239,1.17,us,us700059v0,2019-08-29T20:44:15.040Z,"132km SE of Bitung, Indonesia",earthquake,6.1,8.1,0.112,24,reviewed,us,us
2019-08-29T19:09:17.564Z,69.587,-144.1921,0.3,2.8,ml,,,,0.71,ak,ak019b2vvuc6,2019-08-30T15:57:07.040Z,"64km SSW of Kaktovik, Alaska",earthquake,,0.8,,,automatic,ak,ak
2019-08-29T18:50:05.775Z,69.4985,-144.2536,11.2,3.3,ml,,,,0.55,ak,ak019b2vj68a,2019-08-30T15:52:26.040Z,"74km SSW of Kaktovik, Alaska",earthquake,,0.2,,,reviewed,ak,ak
2019-08-29T18:29:01.466Z,14.3477,-91.9446,59.23,4.2,mb,,170,0.299,0.92,us,us700059tu,2019-08-29T20:12:14.040Z,"6km NNW of Champerico, Guatemala",earthquake,8,5.3,0.07,57,reviewed,us,us
2019-08-29T17:58:49.370Z,-36.573,-70.9763,140.72,4.2,ml,,91,0.255,1.12,us,us700059tk,2019-08-29T19:59:07.040Z,"50km NNW of Las Ovejas, Argentina",earthquake,8,9.9,,,reviewed,us,guc
2019-08-29T17:17:48.550Z,34.018,-117.1193333,8.96,2.98,ml,136,14,0.01835,0.18,ci,ci39022568,2019-09-01T06:28:01.539Z,"6km SSE of Mentone, CA",earthquake,0.1,0.25,0.128,181,reviewed,ci,ci
2019-08-29T16:46:35.002Z,59.8197,-153.2328,106.7,2.9,ml,,,,0.64,ak,ak019b2ubi9s,2019-08-30T15:16:53.040Z,"78km W of Anchor Point, Alaska",earthquake,,0.4,,,automatic,ak,ak
2019-08-29T16:19:18.970Z,32.2435,-115.2723333,12.3,2.64,ml,24,138,0.1765,0.31,ci,ci39022440,2019-08-29T16:47:41.842Z,"10km W of Alberto Oviedo Mota, B.C., MX",earthquake,0.68,2.17,0.145,45,reviewed,ci,ci
2019-08-29T16:03:23.736Z,67.6532,-166.5479,0.1,2.9,ml,,,,0.95,ak,ak019b2u29o5,2019-08-30T14:59:54.040Z,"90km SW of Point Hope, Alaska",earthquake,,0.6,,,automatic,ak,ak
2019-08-29T15:52:19.685Z,60.991,-148.4868,0.1,2.6,ml,,,,1.11,ak,ak019b2trbqi,2019-08-29T16:06:57.609Z,"26km NNE of Whittier, Alaska",earthquake,,0.4,,,automatic,ak,ak
2019-08-29T15:07:57.794Z,43.5436,-127.8761,4.74,6.3,mww,,40,2.674,1.04,us,us700059qh,2019-09-04T06:57:39.412Z,"285km W of Bandon, Oregon",earthquake,6.9,2.9,0.04,60,reviewed,us,us
2019-08-29T14:51:15.599Z,56.2944,-151.6389,11.6,2.9,ml,,,,0.67,ak,ak019b2t5oub,2019-08-29T19:03:18.378Z,"172km SSE of Kodiak, Alaska",earthquake,,2.5,,,reviewed,ak,ak
2019-08-29T14:31:28.754Z,-34.3622,-71.916,30.71,4.2,mb,,161,0.688,0.95,us,us700059nx,2019-08-30T14:29:32.040Z,"58km WNW of Santa Cruz, Chile",earthquake,3.1,8,0.235,5,reviewed,us,us
2019-08-29T12:25:12.794Z,-11.4861,166.4341,53.18,4.9,mb,,51,6.696,0.82,us,us700059me,2019-08-29T12:44:44.040Z,"107km SE of Lata, Solomon Islands",earthquake,9.8,7.9,0.093,36,reviewed,us,us
2019-08-29T12:15:14.769Z,50.5299,178.9665,81.4,3.1,ml,,,,0.75,ak,ak019b2rr2kv,2019-08-29T18:37:47.943Z,"158km WSW of Amatignak Island, Alaska",earthquake,,1.9,,,reviewed,ak,ak
2019-08-29T12:12:47.107Z,47.303,-70.434,3.69,3.3,mwr,,89,0.256,0.62,us,us700059m4,2019-09-02T02:37:11.404Z,"16km SSE of Baie-Saint-Paul, Canada",earthquake,3,9.5,0.075,17,reviewed,us,us
2019-08-29T11:19:09.640Z,18.5718,-68.823,127,2.69,md,13,160,0.8055,0.17,pr,pr2019241002,2019-08-29T20:32:36.412Z,"13km WSW of Salvaleon de Higuey, Dominican Republic",earthquake,5.11,1.49,0.24,10,reviewed,pr,pr
2019-08-29T10:20:41.435Z,7.3842,126.793,66.3,4.8,mb,,122,1.244,0.67,us,us700059l6,2019-08-29T10:40:35.040Z,"24km ESE of Baculin, Philippines",earthquake,8.8,6.9,0.046,145,reviewed,us,us
2019-08-29T09:59:19.254Z,69.5336,-144.1816,0,2.8,ml,,,,0.91,ak,ak019b2q885y,2019-08-29T10:04:21.481Z,"70km SSW of Kaktovik, Alaska",earthquake,,1.4,,,automatic,ak,ak
2019-08-29T09:20:01.720Z,18.8641,-67.323,8,2.73,md,6,299,0.4496,0.35,pr,pr2019241000,2019-08-29T11:33:32.607Z,"47km NNW of San Antonio, Puerto Rico",earthquake,1.93,1.99,0.3,6,reviewed,pr,pr
2019-08-29T08:50:21.970Z,40.738,-121.4928333,11.75,2.45,md,25,159,0.08164,0.11,nc,nc73261425,2019-08-30T02:28:03.472Z,"21km SE of Burney, CA",earthquake,0.42,0.87,0.169,19,reviewed,nc,nc
2019-08-29T08:39:35.780Z,35.10316667,-96.3185,3.02,3.03,ml,44,160,0,0.19,ok,ok2019qxdw,2019-08-30T11:38:54.120Z,"9km E of Holdenville, Oklahoma",earthquake,,0.9,0.21,17,reviewed,ok,ok
2019-08-29T08:02:40.618Z,56.0389,-149.6122,11.7,2.6,ml,,,,0.71,ak,ak019b2pasza,2019-08-29T17:52:14.554Z,"258km SE of Kodiak, Alaska",earthquake,,4.9,,,reviewed,ak,ak
2019-08-29T05:51:21.621Z,61.28,-146.8665,14.2,2.5,ml,,,,0.85,ak,ak019b2nss82,2019-08-29T06:32:45.040Z,"32km WNW of Valdez, Alaska",earthquake,,0.2,,,automatic,ak,ak
2019-08-29T04:21:33.205Z,-9.8055,-76.5031,111.69,4.5,mb,,131,2.193,0.72,us,us700059he,2019-08-31T02:40:04.546Z,"31km WNW of Huanuco, Peru",earthquake,10.3,8.6,0.046,138,reviewed,us,us
2019-08-29T04:03:12.270Z,39.2681667,-120.1333333,7.77,2.47,md,25,92,0.1675,0.14,nc,nc73261270,2019-08-30T05:14:02.671Z,"8km WNW of Tahoe Vista, CA",earthquake,0.27,0.76,0.182,27,reviewed,nc,nc
2019-08-29T03:32:32.682Z,69.5349,-144.7647,0,2.8,ml,,,,0.74,ak,ak019b2mhv9g,2019-08-29T03:39:00.074Z,"79km SW of Kaktovik, Alaska",earthquake,,0.8,,,automatic,ak,ak
2019-08-29T03:23:49.220Z,35.7625,-117.5918333,2.31,2.91,ml,39,54,0.05333,0.17,ci,ci39020296,2019-08-29T17:36:07.235Z,"17km W of Searles Valley, CA",earthquake,0.19,0.4,0.19,25,automatic,ci,ci
2019-08-29T02:13:38.026Z,-60.4892,-26.1857,10,4.9,mb,,86,14.529,0.77,us,us700059g8,2019-08-29T02:38:01.040Z,"163km S of Bristol Island, South Sandwich Islands",earthquake,14.1,1.9,0.097,33,reviewed,us,us
2019-08-29T01:00:56.614Z,51.7886,-173.2122,44.8,2.7,ml,,,,0.77,ak,ak019b2l4aru,2019-08-29T16:44:07.864Z,"81km ESE of Atka, Alaska",earthquake,,6.1,,,reviewed,ak,ak
2019-08-29T00:50:11.500Z,51.633,16.1953,5,4.1,mb,,84,2.023,0.87,us,us700059f0,2019-08-29T01:07:37.040Z,"4km NNE of Grebocice, Poland",earthquake,4.2,1.9,0.165,10,reviewed,us,us
2019-08-28T23:46:39.453Z,41.0739,142.9911,17.16,6.1,mww,,31,0.948,0.88,us,us700059ee,2019-08-29T23:52:28.442Z,"141km ENE of Hachinohe, Japan",earthquake,5,3.9,0.073,18,reviewed,us,us
2019-08-28T23:17:24.537Z,8.3835,-82.8748,27.95,4.5,mb,,112,0.44,1.01,us,us700059e4,2019-09-02T23:10:37.265Z,"0km W of Finca Blanco Numero Uno, Panama",earthquake,3.1,5.1,0.056,94,reviewed,us,us
2019-08-28T22:20:50.542Z,67.526,-160.6773,6.3,3.2,ml,,,,0.74,ak,ak019b1a780h,2019-08-28T22:37:06.040Z,"97km E of Noatak, Alaska",earthquake,,0.3,,,automatic,ak,ak
2019-08-28T22:01:42.296Z,65.4025,-144.0026,3.2,2.5,ml,,,,0.76,ak,ak019b1a34tc,2019-08-28T22:09:55.614Z,"32km ESE of Circle Hot Springs Station, Alaska",earthquake,,0.2,,,automatic,ak,ak
2019-08-28T20:30:03.680Z,61.9488,-150.469,14.8,3.1,ml,,,,0.46,ak,ak019b192eb4,2019-08-30T20:25:50.040Z,"31km NW of Willow, Alaska",earthquake,,0.3,,,reviewed,ak,ak
2019-08-28T20:19:55.764Z,-60.2993,-26.7042,10,5.1,mb,,74,14.553,0.71,us,us700059b8,2019-08-30T20:41:33.040Z,"141km S of Bristol Island, South Sandwich Islands",earthquake,12,1.8,0.072,63,reviewed,us,us
2019-08-28T19:35:00.206Z,31.2641,66.6655,10,4,mb,,150,3.83,1.39,us,us700059ab,2019-09-03T21:01:59.040Z,"42km NNE of Chaman, Pakistan",earthquake,10.9,2,0.196,7,reviewed,us,us
2019-08-28T19:34:27.321Z,59.6648,-150.9708,36.8,2.6,ml,,,,0.76,ak,ak019b18hvh1,2019-09-03T21:01:05.040Z,"19km ESE of Fritz Creek, Alaska",earthquake,,1.1,,,automatic,ak,ak
2019-08-28T18:49:17.580Z,19.5135,-67.8841,14,3.47,md,18,222,1.1995,0.47,pr,pr2019240011,2019-09-03T21:02:56.040Z,"99km NNE of Punta Cana, Dominican Republic",earthquake,2.62,5.37,0.34,14,reviewed,pr,pr
2019-08-28T18:38:37.050Z,19.4196,-67.9435,64,2.91,md,10,218,1.1345,0.47,pr,pr2019240012,2019-08-30T21:12:03.040Z,"76km NNE of Punta Cana, Dominican Republic",earthquake,5.07,10.06,0.42,9,reviewed,pr,pr
2019-08-28T18:27:53.746Z,64.8321,-155.4103,22,3.4,ml,,,,0.6,ak,ak019b17uztu,2019-09-03T20:58:10.040Z,"10km NNE of Ruby, Alaska",earthquake,,0.3,,,reviewed,ak,ak
2019-08-28T18:15:56.488Z,51.8914,-169.5457,35,3.7,mb,,210,0.957,1.28,us,us70005992,2019-09-03T20:59:53.040Z,"113km SE of Yunaska Island, Alaska",earthquake,8.2,2,0.134,20,reviewed,us,us
2019-08-28T15:53:02.003Z,-20.594,-70.3767,31.99,4.9,mww,,139,0.185,0.67,us,us70005966,2019-08-28T19:02:55.752Z,"47km SSW of Iquique, Chile",earthquake,5.1,3.8,0.075,17,reviewed,us,us
2019-08-28T14:25:54.575Z,59.9377,-140.1015,1.8,3.1,ml,,,,0.72,ak,ak019b15gu4n,2019-09-01T04:39:09.262Z,"48km NNW of Yakutat, Alaska",earthquake,,0.2,,,automatic,ak,ak
2019-08-28T14:18:31.711Z,59.9962,-140.1108,1.4,2.5,ml,,,,0.77,ak,ak019b15fabb,2019-08-29T05:51:34.040Z,"54km NNW of Yakutat, Alaska",earthquake,,0.2,,,automatic,ak,ak
2019-08-28T14:00:54.345Z,59.8248,-140.0486,4.9,2.9,ml,,,,0.91,ak,ak019b15bhan,2019-08-29T05:59:15.040Z,"35km NNW of Yakutat, Alaska",earthquake,,0.3,,,automatic,ak,ak
2019-08-28T13:40:05.616Z,13.1483,93.2182,43.07,5,mb,,81,1.554,0.53,us,us7000595a,2019-08-28T13:58:44.040Z,"169km NNE of Bamboo Flat, India",earthquake,7.7,7.4,0.062,84,reviewed,us,us
2019-08-28T12:43:44.363Z,-23.1696,-69.1836,100.32,4.9,mww,,50,0.584,1.47,us,us7000594x,2019-09-01T02:24:09.740Z,"81km SSW of Calama, Chile",earthquake,5.1,5.3,0.071,19,reviewed,us,us
2019-08-28T12:32:35.971Z,42.6663,148.4249,10,4.7,mb,,167,3.958,0.67,us,us7000594v,2019-08-28T12:48:17.040Z,"187km SE of Shikotan, Russia",earthquake,4.7,1.9,0.045,146,reviewed,us,us
2019-08-28T11:58:18.631Z,35.7105,27.636,10,4.9,mww,,42,0.419,0.93,us,us7000594r,2019-09-03T19:05:48.516Z,"44km ENE of Karpathos, Greece",earthquake,5.5,1.8,0.08,15,reviewed,us,us
2019-08-28T11:12:16.934Z,51.7439,178.5266,100.56,3.8,mb,,165,0.19,0.52,us,us7000596u,2019-08-29T05:51:42.679Z,"22km S of Little Sitkin Island, Alaska",earthquake,9.8,4.7,0.111,21,reviewed,us,us
2019-08-28T10:19:26.860Z,36.5753333,-117.9776667,7.63,2.6,ml,23,98,0.1429,0.18,ci,ci39017608,2019-08-28T18:39:05.277Z,"8km E of Lone Pine, CA",earthquake,0.27,0.73,0.219,65,reviewed,ci,ci
2019-08-28T10:14:45.330Z,36.574,-117.981,8.83,2.55,ml,24,98,0.1453,0.16,ci,ci39017600,2019-08-28T18:17:32.671Z,"8km E of Lone Pine, CA",earthquake,0.25,0.48,0.2,60,reviewed,ci,ci
2019-08-28T10:07:49.533Z,-60.4859,-26.2377,10,5.1,mb,,122,8.318,0.62,us,us7000594h,2019-08-28T10:54:48.040Z,"162km S of Bristol Island, South Sandwich Islands",earthquake,14.8,2,0.095,36,reviewed,us,us
